{
    "MAE": 8.835864067077637,
    "MSE": 183.80870056152344,
    "RMSE": 13.55760669708252,
    "R2_Score": 0.9970273065637195
}